{"cs_en": 0.3718510838111123, "de_en": 0.42512995693116556, "en_cs": 0.30012801497098324, "en_de": 0.38586113449490217, "en_fi": 0.3481753485546804, "en_ru": 0.33520726753082314, "fi_en": 0.35241550065659794, "ru_en": 0.38535163432491293}