{"cs_en": 0.3809296542589772, "de_en": 0.4203519198702229, "en_cs": 0.2672062784372454, "en_de": 0.3623785832683623, "en_fi": 0.22477657593708686, "en_ru": 0.33137270324710155, "fi_en": 0.3205701668557206, "ru_en": 0.40645345837868935}